{"eval_exact_match": 76.74550614947965, "eval_f1": 84.89227810338973}