{"eval_exact_match": 74.23841059602648, "eval_f1": 83.17239710819652}