{"eval_exact_match": 73.22611163670766, "eval_f1": 82.23473311234092}