{"eval_exact_match": 63.7275307473983, "eval_f1": 73.89390844530759}