{"eval_loss": 0.3843784034252167, "eval_accuracy": 0.8956512808799744, "eval_runtime": 13.6068, "eval_samples_per_second": 723.315, "eval_steps_per_second": 90.469}