{"eval_exact_match": 51.09653233364573, "eval_f1": 63.250730540379166}