{"eval_loss": 0.29558485746383667, "eval_accuracy": 0.8992074728012085, "eval_runtime": 13.597, "eval_samples_per_second": 723.836, "eval_steps_per_second": 90.535}