{"eval_exact_match": 71.74077578051087, "eval_f1": 81.54385775721465}